{"PL0dRZjWdHde0R7UQLzNo64bHaFtvmw4wC": {"currentTime": 181.72628887602235, "videoId": "vmqGLUsl0rU", "videoIndex": 1, "videos": {"PL0dRZjWdHde0R7UQLzNo64bHaFtvmw4wC|vmqGLUsl0rU": {"currentTime": 181.72628887602235, "timestamp": 1770753770291, "videoId": "vmqGLUsl0rU"}}}, "PL9qa1Jiw7oNLToYdTLlVpabi_wXpiTpq8": {"currentTime": 114.96140602861023, "videoId": "EQSEW1NFRwo", "videoIndex": 2}, "PLI-KORiB_eLzez0JL6CR_XadP-Nm8XfJA": {"currentTime": 20.03178605340576, "videoId": "a7X8u-EjADw", "videoIndex": 0}, "PLg6bQuWdqr_YpnEkOrJdh3ZVSiY6suben": {"videoId": "GF2tos6xReg", "videoIndex": 6, "currentTime": 104.7561449809265, "videos": {"PLg6bQuWdqr_YpnEkOrJdh3ZVSiY6suben|GF2tos6xReg": {"videoId": "GF2tos6xReg", "currentTime": 104.7561449809265, "timestamp": 1770757807620}, "PLg6bQuWdqr_YpnEkOrJdh3ZVSiY6suben|HgK121iAtoo": {"currentTime": 2.5682119561309813, "timestamp": 1770753248786, "videoId": "HgK121iAtoo"}, "PLg6bQuWdqr_YpnEkOrJdh3ZVSiY6suben|Moaej3RQerA": {"currentTime": 25.233583950408935, "timestamp": 1770753617076, "videoId": "Moaej3RQerA"}, "PLg6bQuWdqr_YpnEkOrJdh3ZVSiY6suben|Uap6BG4VVBg": {"currentTime": 5.0471581316070555, "timestamp": 1770753607298, "videoId": "Uap6BG4VVBg"}}}, "PLmNJItE2MCubz0ibr5tB07Hp4NCZWztWL": {"currentTime": 5.047966839782715, "videoId": "v1eAcqN8Gxk", "videoIndex": 0}, "PLy1pnOysMn9JVLeoL1QrV4aSEdujD4ESV": {"videoId": "I54TNpdEhlY", "videoIndex": 0, "currentTime": 32.529145897003175, "videos": {"PLy1pnOysMn9JVLeoL1QrV4aSEdujD4ESV|I54TNpdEhlY": {"videoId": "I54TNpdEhlY", "currentTime": 32.529145897003175, "timestamp": 1770757979158}, "PLy1pnOysMn9JVLeoL1QrV4aSEdujD4ESV|_uBXMfndo0A": {"videoId": "_uBXMfndo0A", "currentTime": 2.546442853134155, "timestamp": 1770757947120}, "PLy1pnOysMn9JVLeoL1QrV4aSEdujD4ESV|KI1Fpd0xIpk": {"videoId": "KI1Fpd0xIpk", "currentTime": 5.0764219446868895, "timestamp": 1770757956208}, "PLy1pnOysMn9JVLeoL1QrV4aSEdujD4ESV|3jd15sgic8s": {"videoId": "3jd15sgic8s", "currentTime": 4.981000990463257, "timestamp": 1770757971836}}}, "PLy1pnOysMn9JrrVsp1kk6RHK_UHxQKAJi": {"videoId": "QF6fDItt-Jw", "videoIndex": 0, "currentTime": 317.8187269923706, "videos": {"PLy1pnOysMn9JrrVsp1kk6RHK_UHxQKAJi|QF6fDItt-Jw": {"videoId": "QF6fDItt-Jw", "currentTime": 317.8187269923706, "timestamp": 1770757912583}, "PLy1pnOysMn9JrrVsp1kk6RHK_UHxQKAJi|VyCtgTQWe8Y": {"currentTime": 152.6757999103546, "timestamp": 1770754035819, "videoId": "VyCtgTQWe8Y"}, "PLy1pnOysMn9JrrVsp1kk6RHK_UHxQKAJi|m-umNBbDK1s": {"currentTime": 5.082550009536743, "timestamp": 1770754625312, "videoId": "m-umNBbDK1s"}}}, "PLy1pnOysMn9LkcL89omeqd79FH7K3zitw": {"currentTime": 36893250.77783336, "videoId": "Z-Nwo-ypKtM", "videoIndex": 1}}